fid,Артикул,Название товара,Полное описание,Производитель,Цена продажи,Цена старая,Остаток,Изображения,Url,Подкатегория 1,ID товара в InSales,ID варианта товара в InSales,Параметр: Основной цвет,Параметр: Доп. цвета
7,17233,Смеситель для кухонной мойки KAISER Topaz (17233),"",KAISER,5884.0,0.0,,https://static-ru.insales.ru/images/products/1/4614/486216198/31274862-1.jpg https://static-ru.insales.ru/images/products/1/4615/486216199/31274862-2.jpg,http://santitan.ru/product/smesitel-dlya-kuhonnoy-moyki-kaiser-topaz-17233-2?variant_id=467761502,Каталог,269460599,467761502
20,28133,Смеситель для кухонной мойки KAISER Crystal (28133),"",KAISER,5067.0,0.0,,https://static-ru.insales.ru/images/products/1/4576/486216160/31274787-1.jpg https://static-ru.insales.ru/images/products/1/4577/486216161/31274787-2.jpg,http://santitan.ru/product/smesitel-dlya-kuhonnoy-moyki-kaiser-crystal-28133-2?variant_id=467761598,Каталог,269460633,467761598
58,DA1373201,"Смеситель для ванны с душем D&K Rhein.Eucharius DA1373201, короткий излив, хром","",D&K,5790.0,0.0,10,https://static-ru.insales.ru/images/products/1/4754/486216338/30380275-1.jpg https://static-ru.insales.ru/images/products/1/4755/486216339/30380275-2.jpg https://static-ru.insales.ru/images/products/1/4757/486216341/30380275-3.jpg https://static-ru.insales.ru/images/products/1/4758/486216342/30380275-4.jpg,http://santitan.ru/product/smesitel-dlya-vanny-s-dushem-dk-rheineucharius-da1373201-korotkiy-izliv-hrom?variant_id=467761902,Каталог,269460726,467761902
92,DA1432481,Смеситель для кухни ( мойки) D&K (DA1432481) высокий хром,"",D&K,5890.0,0.0,10,https://static-ru.insales.ru/images/products/1/4868/486216452/30539973-1.jpg https://static-ru.insales.ru/images/products/1/4870/486216454/30539973-2.jpg https://static-ru.insales.ru/images/products/1/4871/486216455/30539973-3.jpg,http://santitan.ru/product/smesitel-dlya-kuhni-moyki-dk-da1432481-vysokiy-hrom?variant_id=467762097,Каталог,269460785,467762097
112,DA1312441,Смеситель для кухни (мойки) D&K (DA1312441)  высокий хром,"",D&K,5170.0,0.0,10,https://static-ru.insales.ru/images/products/1/5001/486216585/30529159-1.jpg https://static-ru.insales.ru/images/products/1/5002/486216586/30529159-2.jpg,http://santitan.ru/product/smesitel-dlya-kuhni-moyki-dk-da1312441-vysokiy-hrom?variant_id=467762215,Каталог,269460829,467762215
133,DA1262441,"Смеситель для кухни (мойки) D&K Rhein.Mosel DA1262441, высокий излив, хром","",D&K,5640.0,0.0,10,https://static-ru.insales.ru/images/products/1/4979/486216563/30520167-1.jpg https://static-ru.insales.ru/images/products/1/4980/486216564/30520167-2.jpg,http://santitan.ru/product/smesitel-dlya-kuhni-moyki-dk-rheinmosel-da1262441-vysokiy-izliv-hrom?variant_id=467762321,Каталог,269460862,467762321
200,DA1473201,"Смеситель для ванны с душем D&K Rhein.Bach DA1473201, короткий излив, хром","",D&K,5320.0,0.0,10,https://static-ru.insales.ru/images/products/1/5400/486216984/31169535-1.jpg https://static-ru.insales.ru/images/products/1/5401/486216985/31169535-2.jpg https://static-ru.insales.ru/images/products/1/5402/486216986/31169535-3.jpg,http://santitan.ru/product/smesitel-dlya-vanny-s-dushem-dk-rheinbach-da1473201-korotkiy-izliv-hrom?variant_id=467762697,Каталог,269460990,467762697
203,DA1383241,"Смеситель для ванны с душем D&K Hessen.Goethe DA1383241 короткий излив, хром","",D&K,5790.0,0.0,10,https://static-ru.insales.ru/images/products/1/5310/486216894/31012813-1.jpg https://static-ru.insales.ru/images/products/1/5311/486216895/31012813-2.jpg https://static-ru.insales.ru/images/products/1/5312/486216896/31012813-3.jpg,http://santitan.ru/product/smesitel-dlya-vanny-s-dushem-dk-hessengoethe-da1383241-korotkiy-izliv-hrom?variant_id=467762722,Каталог,269460996,467762722
209,DA1363201,Смеситель для ванны D&K Rhein Valerius (DA1363201),"",D&K,5790.0,0.0,10,https://static-ru.insales.ru/images/products/1/5315/486216899/31014616-1.jpg https://static-ru.insales.ru/images/products/1/5316/486216900/31014616-2.jpg https://static-ru.insales.ru/images/products/1/5318/486216902/31014616-3.jpg https://static-ru.insales.ru/images/products/1/5319/486216903/31014616-4.jpg https://static-ru.insales.ru/images/products/1/5320/486216904/31014616-5.jpg,http://santitan.ru/product/smesitel-dlya-vanny-dk-rhein-valerius-da1363201-2?variant_id=467762753,Каталог,269461008,467762753
248,DA1352101,Смеситель для раковины (умывальника) D&K Rhein.Paulinus DA1352101 хром,"",D&K,5010.0,0.0,10,https://static-ru.insales.ru/images/products/1/5504/486217088/31184844-1.jpg https://static-ru.insales.ru/images/products/1/5506/486217090/31184844-2.jpg https://static-ru.insales.ru/images/products/1/5507/486217091/31184844-3.jpg https://static-ru.insales.ru/images/products/1/5508/486217092/31184844-4.jpg,http://santitan.ru/product/smesitel-dlya-rakoviny-umyvalnika-dk-rheinpaulinus-da1352101-hrom?variant_id=467762963,Каталог,269461082,467762963
251,F74898C-2,"Смеситель для кухни (мойки) Bravat Drop (F74898C-2), хром","",Bravat,5200.0,0.0,0,https://static-ru.insales.ru/images/products/1/5543/486217127/31274752-1.jpg https://static-ru.insales.ru/images/products/1/5545/486217129/31274752-2.jpg https://static-ru.insales.ru/images/products/1/5546/486217130/31274752-3.jpg,http://santitan.ru/product/smesitel-dlya-kuhni-moyki-bravat-drop-f74898c-2-hrom?variant_id=467762972,Каталог,269461087,467762972
253,34033-1G,"Смеситель для кухни (мойки) KAISER Sonat (34033-1G), бронза","",KAISER,5660.0,0.0,0,https://static-ru.insales.ru/images/products/1/5534/486217118/31274706-1.jpg https://static-ru.insales.ru/images/products/1/5535/486217119/31274706-2.jpg,http://santitan.ru/product/smesitel-dlya-kuhni-moyki-kaiser-sonat-34033-1g-bronza?variant_id=467762980,Каталог,269461091,467762980
281,SRR070B040,"Рычаг передней подвески нижний правый BMW 3 4, Z4 (1998-)","",FARO,5201.46,0.0,,https://static-ru.insales.ru/images/products/1/5639/486217223/31184185-1.jpg,http://santitan.ru/product/rychag-peredney-podveski-nizhniy-pravyy-bmw-3-4-z4-1998?variant_id=467763134,Каталог,269461144,467763134
298,SRR070B039,"Рычаг передней подвески нижний левый BMW 3 4, Z4 (1998-)","",FARO,5201.46,0.0,,https://static-ru.insales.ru/images/products/1/5638/486217222/31182937-1.jpg,http://santitan.ru/product/rychag-peredney-podveski-nizhniy-levyy-bmw-3-4-z4-1998?variant_id=467763237,Каталог,269461181,467763237
321,RSM012J015,"Опора двигателя правая Audi Q5, A4 4, A5/S5 (2007-)","",FARO,5245.48,0.0,,https://static-ru.insales.ru/images/products/1/5808/486217392/31194432-1.jpg,http://santitan.ru/product/opora-dvigatelya-pravaya-audi-q5-a4-4-a5s5-2007-2?variant_id=467763362,Каталог,269461223,467763362
333,F7125183CP-RUS,Смеситель для кухни Bravat Opal (F7125183CP-RUS),"",Bravat,5920.0,0.0,0,https://static-ru.insales.ru/images/products/1/5940/486217524/31274836-1.jpg https://static-ru.insales.ru/images/products/1/5941/486217525/31274836-2.jpg,http://santitan.ru/product/smesitel-dlya-kuhni-bravat-opal-f7125183cp-rus-2?variant_id=467763414,Каталог,269461245,467763414
343,35044Vnew,"Смеситель для кухни (мойки) KAISER Venera (35044V new), высокий излив, хром","",KAISER,5884.0,0.0,,https://static-ru.insales.ru/images/products/1/5847/486217431/31274691-1.jpg https://static-ru.insales.ru/images/products/1/5848/486217432/31274691-2.jpg,http://santitan.ru/product/smesitel-dlya-kuhni-moyki-kaiser-venera-35044v-new-vysokiy-izliv-hrom?variant_id=467763480,Каталог,269461266,467763480
349,11063,"Смеситель для кухни (мойки) KAISER Carlson Eco (11063), хром","",KAISER,5551.0,0.0,,https://static-ru.insales.ru/images/products/1/5839/486217423/31274686-1.jpg https://static-ru.insales.ru/images/products/1/5841/486217425/31274686-2.jpg,http://santitan.ru/product/smesitel-dlya-kuhni-moyki-kaiser-carlson-eco-11063-hrom?variant_id=467763509,Каталог,269461278,467763509
394,11022,Смеситель для кухонной мойки KAISER Carlson (11022),"",KAISER,5934.0,0.0,,https://static-ru.insales.ru/images/products/1/6076/486217660/31274805-1.jpg https://static-ru.insales.ru/images/products/1/6077/486217661/31274805-2.jpg,http://santitan.ru/product/smesitel-dlya-kuhonnoy-moyki-kaiser-carlson-11022-2?variant_id=467763711,Каталог,269461367,467763711
420,F6191238CP-01-RUS,Смеситель для ванны c коротким изливом Bravat Eler (F6191238CP-01-RUS),"",Bravat,5570.0,0.0,0,https://static-ru.insales.ru/images/products/1/6323/486217907/31901543-1.jpg https://static-ru.insales.ru/images/products/1/6324/486217908/31901543-2.jpg,http://santitan.ru/product/smesitel-dlya-vanny-c-korotkim-izlivom-bravat-eler-f6191238cp-01-rus-2?variant_id=467763849,Каталог,269461420,467763849
422,14033,Смеситель для кухонной мойки KAISER Planet (14033),"",KAISER,5884.0,0.0,,https://static-ru.insales.ru/images/products/1/6229/486217813/31274846-1.jpg https://static-ru.insales.ru/images/products/1/6230/486217814/31274846-2.jpg,http://santitan.ru/product/smesitel-dlya-kuhonnoy-moyki-kaiser-planet-14033-2?variant_id=467763858,Каталог,269461425,467763858
429,F7124182CP-RUS,Смеситель для кухни Bravat Loop (F7124182CP-RUS),"",Bravat,5260.0,0.0,0,https://static-ru.insales.ru/images/products/1/6312/486217896/31274930-1.jpg https://static-ru.insales.ru/images/products/1/6314/486217898/31274930-2.jpg,http://santitan.ru/product/smesitel-dlya-kuhni-bravat-loop-f7124182cp-rus?variant_id=467763889,Каталог,269461438,467763889
441,13056/03,Полотенцедержатель двойной Timo Saona (13056/03) черный,"",TIMO,5903.0,0.0,10,https://static-ru.insales.ru/images/products/1/6346/486217930/32354302-1.jpg https://static-ru.insales.ru/images/products/1/6347/486217931/32354302-2.jpg,http://santitan.ru/product/polotentsederzhatel-dvoynoy-timo-saona-1305603-chernyy-2?variant_id=467763947,Каталог,269461461,467763947
443,19044-1Br,Смеситель для кухонной мойки KAISER Athlete (19044-1Br),"",KAISER,5480.0,0.0,0,https://static-ru.insales.ru/images/products/1/6258/486217842/31274872-1.jpg https://static-ru.insales.ru/images/products/1/6260/486217844/31274872-2.jpg,http://santitan.ru/product/smesitel-dlya-kuhonnoy-moyki-kaiser-athlete-19044-1br-2?variant_id=467763957,Каталог,269461466,467763957
468,55244-2,Смеситель для кухонной мойки KAISER County (55244-2),"",KAISER,5110.0,0.0,0,https://static-ru.insales.ru/images/products/1/6422/486218006/31274898-1.jpg https://static-ru.insales.ru/images/products/1/6423/486218007/31274898-2.jpg,http://santitan.ru/product/smesitel-dlya-kuhonnoy-moyki-kaiser-county-55244-2-2?variant_id=467764118,Каталог,269461519,467764118
469,20433,Смеситель для кухонной мойки KAISER City (20433),"",KAISER,5951.0,0.0,,https://static-ru.insales.ru/images/products/1/6448/486218032/31274926-1.jpg https://static-ru.insales.ru/images/products/1/6449/486218033/31274926-2.jpg,http://santitan.ru/product/smesitel-dlya-kuhonnoy-moyki-kaiser-city-20433-2?variant_id=467764124,Каталог,269461521,467764124
506,CAS090H016,"Комплект сцепления Hyundai/Kia H-1, H100, Starex; Kia Bongo, Pregio, K2500 (1997-)","",FARO,5067.98,0.0,,https://static-ru.insales.ru/images/products/1/6486/486218070/31304929-1.jpg,http://santitan.ru/product/komplekt-stsepleniya-hyundaikia-h-1-h100-starex-kia-bongo-pregio-k2500-1997?variant_id=467764335,Каталог,269461593,467764335
679,160038/02,Дозатор для жидкого мыла Timo Nelson (160038/02),"",TIMO,5122.0,0.0,10,https://static-ru.insales.ru/images/products/1/7126/486218710/32354147-1.jpg https://static-ru.insales.ru/images/products/1/7127/486218711/32354147-2.jpg,http://santitan.ru/product/dozator-dlya-zhidkogo-myla-timo-nelson-16003802-2?variant_id=467765171,Каталог,269461907,467765171
710,160022/02,Полка прямоугольная Timo Nelson (160022/02),"",TIMO,5379.0,0.0,10,https://static-ru.insales.ru/images/products/1/7074/486218658/32353299-1.jpg https://static-ru.insales.ru/images/products/1/7077/486218661/32353299-2.jpg,http://santitan.ru/product/polka-pryamougolnaya-timo-nelson-16002202-2?variant_id=467765331,Каталог,269461962,467765331
763,160078/02,Полка для мочалок Timo Nelson (160078/02),"",TIMO,5122.0,0.0,10,https://static-ru.insales.ru/images/products/1/7311/486218895/32354000-1.jpg https://static-ru.insales.ru/images/products/1/7313/486218897/32354000-2.jpg,http://santitan.ru/product/polka-dlya-mochalok-timo-nelson-16007802-2?variant_id=467765631,Каталог,269462061,467765631
780,150079/00,Полка Timo Nelson (150079/00),"",TIMO,5464.0,0.0,10,https://static-ru.insales.ru/images/products/1/7509/486219093/32353778-1.jpg https://static-ru.insales.ru/images/products/1/7511/486219095/32353778-2.jpg,http://santitan.ru/product/polka-timo-nelson-15007900-2?variant_id=467765689,Каталог,269462090,467765689
782,160032/02,Стакан двойной Timo Nelson (160032/02),"",TIMO,5122.0,0.0,10,https://static-ru.insales.ru/images/products/1/7457/486219041/32353590-1.jpg https://static-ru.insales.ru/images/products/1/7458/486219042/32353590-2.jpg,http://santitan.ru/product/stakan-dvoynoy-timo-nelson-16003202-2?variant_id=467765702,Каталог,269462094,467765702
790,160080/02,Полка с крючком Timo Nelson (160080/02),"",TIMO,5634.0,0.0,10,https://static-ru.insales.ru/images/products/1/7505/486219089/32353776-1.jpg https://static-ru.insales.ru/images/products/1/7506/486219090/32353776-2.jpg,http://santitan.ru/product/polka-s-kryuchkom-timo-nelson-16008002-2?variant_id=467765745,Каталог,269462110,467765745
801,150081/00,Полка с крючками Timo Nelson (150081/00),"",TIMO,5122.0,0.0,10,https://static-ru.insales.ru/images/products/1/7541/486219125/32353856-1.jpg https://static-ru.insales.ru/images/products/1/7542/486219126/32353856-2.jpg,http://santitan.ru/product/polka-s-kryuchkami-timo-nelson-15008100-2?variant_id=467765792,Каталог,269462133,467765792
805,160077/02,Полка угловая Timo Nelson (160077/02),"",TIMO,5292.0,0.0,10,https://static-ru.insales.ru/images/products/1/7572/486219156/32354225-1.jpg https://static-ru.insales.ru/images/products/1/7574/486219158/32354225-2.jpg,http://santitan.ru/product/polka-uglovaya-timo-nelson-16007702-2?variant_id=467765812,Каталог,269462140,467765812
870,PSM-100-2,Смеситель для ванны с душем ПСМ-ПРОФСАН PSM-100-2 ЭЛИТ тип См-ВУОРНШлА,"",ПСМ-Профсан,5090.0,0.0,0,https://static-ru.insales.ru/images/products/1/8036/486219620/33726218-1.jpg https://static-ru.insales.ru/images/products/1/8037/486219621/33726218-2.jpg https://static-ru.insales.ru/images/products/1/8038/486219622/33726218-3.jpg https://static-ru.insales.ru/images/products/1/8039/486219623/33726218-4.jpg https://static-ru.insales.ru/images/products/1/8040/486219624/33726218-5.jpg https://static-ru.insales.ru/images/products/1/8043/486219627/33726218-6.jpg https://static-ru.insales.ru/images/products/1/8046/486219630/33726218-7.jpg,http://santitan.ru/product/smesitel-dlya-vanny-s-dushem-psm-profsan-psm-100-2-elit-tip-sm-vuornshla-2?variant_id=467766178,Каталог,269462280,467766178
874,12056/03,Полотенцедержатель двойной Timo Selene (12056/03) черный,"",TIMO,5992.0,0.0,10,https://static-ru.insales.ru/images/products/1/7975/486219559/32354303-1.jpg https://static-ru.insales.ru/images/products/1/7976/486219560/32354303-2.jpg,http://santitan.ru/product/polotentsederzhatel-dvoynoy-timo-selene-1205603-chernyy-2?variant_id=467766196,Каталог,269462289,467766196
896,160023/02,Мыльница решетка Timo Nelson (160023/02),"",TIMO,5207.0,0.0,10,https://static-ru.insales.ru/images/products/1/7980/486219564/32354309-1.jpg https://static-ru.insales.ru/images/products/1/7982/486219566/32354309-2.jpg,http://santitan.ru/product/mylnitsa-reshetka-timo-nelson-16002302-2?variant_id=467766346,Каталог,269462342,467766346
923,26011,Смеситель для раковины KAISER Merkur (26011),"",KAISER,5110.0,0.0,,https://static-ru.insales.ru/images/products/1/105/486219881/35873336-1.jpg https://static-ru.insales.ru/images/products/1/106/486219882/35873336-2.jpg,http://santitan.ru/product/smesitel-dlya-rakoviny-kaiser-merkur-26011?variant_id=467766509,Каталог,269462409,467766509
1046,DA1382801,Смеситель для раковины D&K Hessen Grimm (DA1382801),"",D&K,5340.0,0.0,0,https://static-ru.insales.ru/images/products/1/463/486220239/34000178-1.jpg https://static-ru.insales.ru/images/products/1/464/486220240/34000178-2.jpg https://static-ru.insales.ru/images/products/1/465/486220241/34000178-3.jpg https://static-ru.insales.ru/images/products/1/466/486220242/34000178-4.jpg https://static-ru.insales.ru/images/products/1/467/486220243/34000178-5.jpg,http://santitan.ru/product/smesitel-dlya-rakoviny-dk-hessen-grimm-da1382801-2?variant_id=467767237,Каталог,269462650,467767237
1047,DA1342101,Смеситель для раковины D&K Rhein Ambrosius (DA1342101),"",D&K,5010.0,0.0,10,https://static-ru.insales.ru/images/products/1/511/486220287/34000851-1.jpg https://static-ru.insales.ru/images/products/1/512/486220288/34000851-2.jpg https://static-ru.insales.ru/images/products/1/513/486220289/34000851-3.jpg https://static-ru.insales.ru/images/products/1/514/486220290/34000851-4.jpg https://static-ru.insales.ru/images/products/1/515/486220291/34000851-5.jpg,http://santitan.ru/product/smesitel-dlya-rakoviny-dk-rhein-ambrosius-da1342101-2?variant_id=467767244,Каталог,269462652,467767244
1052,PSM-301-6,Смеситель для раковины ПСМ-ПРОФСАН PSM-301-6 STEEL высокий тип См-УмОЦБА Черный-бронза,"",ПСМ-Профсан,5540.0,0.0,0,https://static-ru.insales.ru/images/products/1/516/486220292/34000853-1.jpg https://static-ru.insales.ru/images/products/1/517/486220293/34000853-2.jpg https://static-ru.insales.ru/images/products/1/518/486220294/34000853-3.jpg https://static-ru.insales.ru/images/products/1/519/486220295/34000853-4.jpg https://static-ru.insales.ru/images/products/1/520/486220296/34000853-5.jpg https://static-ru.insales.ru/images/products/1/522/486220298/34000853-6.jpg https://static-ru.insales.ru/images/products/1/523/486220299/34000853-7.jpg https://static-ru.insales.ru/images/products/1/525/486220301/34000853-8.jpg,http://santitan.ru/product/smesitel-dlya-rakoviny-psm-profsan-psm-301-6-steel-vysokiy-tip-sm-umotsba-chernyy-bronza-2?variant_id=467767278,Каталог,269462662,467767278
1055,DA1432801,Смеситель для раковины D&K Berlin Freie (DA1432801),"",D&K,5860.0,0.0,0,https://static-ru.insales.ru/images/products/1/488/486220264/34000846-1.jpg https://static-ru.insales.ru/images/products/1/489/486220265/34000846-2.jpg,http://santitan.ru/product/smesitel-dlya-rakoviny-dk-berlin-freie-da1432801-2?variant_id=467767296,Каталог,269462668,467767296
1074,1237073,УЗБИ Дым Дымыч 02М коптильня холодного копчения нерж. сталь,"",УЗБИ,5558.0,0.0,,https://static-ru.insales.ru/images/products/1/763/486220539/34556281-1.jpg https://static-ru.insales.ru/images/products/1/765/486220541/34556281-2.jpg,http://santitan.ru/product/uzbi-dym-dymych-02m-koptilnya-holodnogo-kopcheniya-nerzh-stal?variant_id=467767420,Каталог,269462706,467767420
1076,19366,Смеситель для раковины KAISER City (19366),"",KAISER,6000.0,0.0,,https://static-ru.insales.ru/images/products/1/846/486220622/35873151-1.jpg https://static-ru.insales.ru/images/products/1/847/486220623/35873151-2.jpg,http://santitan.ru/product/smesitel-dlya-rakoviny-kaiser-city-19366?variant_id=467767437,Каталог,269462709,467767437
1120,11061,Смеситель для раковины KAISER Carlson Lux (11061),"",KAISER,5050.0,0.0,,https://static-ru.insales.ru/images/products/1/867/486220643/35873387-1.jpg https://static-ru.insales.ru/images/products/1/868/486220644/35873387-2.jpg,http://santitan.ru/product/smesitel-dlya-rakoviny-kaiser-carlson-lux-11061?variant_id=467767715,Каталог,269462814,467767715
1130,69011,Смеситель для раковины KAISER Glory (69011),"",KAISER,5100.0,0.0,,https://static-ru.insales.ru/images/products/1/1069/486220845/35873331-1.jpg https://static-ru.insales.ru/images/products/1/1070/486220846/35873331-2.jpg,http://santitan.ru/product/smesitel-dlya-rakoviny-kaiser-glory-69011-2?variant_id=467767796,Каталог,269462842,467767796
1154,55033,Смеситель гигиенический душ KAISER County (55033),"",KAISER,5910.0,0.0,,https://static-ru.insales.ru/images/products/1/1062/486220838/35873303-1.jpg,http://santitan.ru/product/smesitel-gigienicheskiy-dush-kaiser-county-55033?variant_id=467767960,Каталог,269462901,467767960
1155,34010-4,Смеситель для раковины KAISER Sonat (34010-4) белый,"",KAISER,5840.0,0.0,0,https://static-ru.insales.ru/images/products/1/1066/486220842/35873319-1.jpg https://static-ru.insales.ru/images/products/1/1067/486220843/35873319-2.jpg,http://santitan.ru/product/smesitel-dlya-rakoviny-kaiser-sonat-34010-4-belyy?variant_id=467767966,Каталог,269462904,467767966
1172,57011,Смеситель для раковины KAISER Trio (57011),"",KAISER,5420.0,0.0,,https://static-ru.insales.ru/images/products/1/1197/486220973/35873156-1.jpg https://static-ru.insales.ru/images/products/1/1198/486220974/35873156-2.jpg,http://santitan.ru/product/smesitel-dlya-rakoviny-kaiser-trio-57011-2?variant_id=467768078,Каталог,269462942,467768078
1176,6011,Смеситель для раковины KAISER Atrio (60111),"",KAISER,5510.0,0.0,,https://static-ru.insales.ru/images/products/1/1200/486220976/35873159-1.jpg https://static-ru.insales.ru/images/products/1/1201/486220977/35873159-2.jpg,http://santitan.ru/product/smesitel-dlya-rakoviny-kaiser-atrio-60111?variant_id=467768100,Каталог,269462952,467768100
1179,16011,Смеситель для раковины KAISER Classic (16011),"",KAISER,5300.0,0.0,,https://static-ru.insales.ru/images/products/1/1241/486221017/35873201-1.jpg https://static-ru.insales.ru/images/products/1/1242/486221018/35873201-2.jpg,http://santitan.ru/product/smesitel-dlya-rakoviny-kaiser-classic-16011?variant_id=467768130,Каталог,269462959,467768130
1180,57011-2,Смеситель для раковины KAISER Trio (57011-2),"",KAISER,5520.0,0.0,0,https://static-ru.insales.ru/images/products/1/1202/486220978/35873160-1.jpg https://static-ru.insales.ru/images/products/1/1203/486220979/35873160-2.jpg,http://santitan.ru/product/smesitel-dlya-rakoviny-kaiser-trio-57011-2-2?variant_id=467768140,Каталог,269462961,467768140
1183,53011,Смеситель для раковины KAISER Saga (53011),"",KAISER,5230.0,0.0,,https://static-ru.insales.ru/images/products/1/1276/486221052/35873287-1.jpg https://static-ru.insales.ru/images/products/1/1278/486221054/35873287-2.jpg,http://santitan.ru/product/smesitel-dlya-rakoviny-kaiser-saga-53011?variant_id=467768156,Каталог,269462968,467768156
1185,64111,Смеситель для раковины KAISER Sharp (64111),"",KAISER,5720.0,0.0,,https://static-ru.insales.ru/images/products/1/1274/486221050/35873286-1.jpg https://static-ru.insales.ru/images/products/1/1275/486221051/35873286-2.jpg,http://santitan.ru/product/smesitel-dlya-rakoviny-kaiser-sharp-64111?variant_id=467768166,Каталог,269462972,467768166
1189,33011,Смеситель для раковины KAISER Arena (33011),"",KAISER,5220.0,0.0,,https://static-ru.insales.ru/images/products/1/1212/486220988/35873167-1.jpg https://static-ru.insales.ru/images/products/1/1213/486220989/35873167-2.jpg,http://santitan.ru/product/smesitel-dlya-rakoviny-kaiser-arena-33011?variant_id=467768202,Каталог,269462983,467768202
1194,18111,Смеситель для раковины KAISER Leon (18111),"",KAISER,5250.0,0.0,,https://static-ru.insales.ru/images/products/1/1225/486221001/35873174-1.jpg https://static-ru.insales.ru/images/products/1/1226/486221002/35873174-2.jpg,http://santitan.ru/product/smesitel-dlya-rakoviny-kaiser-leon-18111?variant_id=467768239,Каталог,269462993,467768239
1206,34177-1x,Смеситель для ванны KAISER Sonat (34177-1),"",KAISER,5330.0,0.0,,https://static-ru.insales.ru/images/products/1/1323/486221099/36404296-1.jpg https://static-ru.insales.ru/images/products/1/1324/486221100/36404296-2.jpg,http://santitan.ru/product/smesitel-dlya-vanny-kaiser-sonat-34177-1-2?variant_id=467768324,Каталог,269463019,467768324
1209,49011,Смеситель для раковины KAISER Indivi (49011),"",KAISER,5250.0,0.0,,https://static-ru.insales.ru/images/products/1/1299/486221075/35873445-1.jpg https://static-ru.insales.ru/images/products/1/1300/486221076/35873445-2.jpg,http://santitan.ru/product/smesitel-dlya-rakoviny-kaiser-indivi-49011?variant_id=467768335,Каталог,269463024,467768335
1213,63011,Смеситель для раковины KAISER Vega (63011),"",KAISER,5400.0,0.0,,https://static-ru.insales.ru/images/products/1/1272/486221048/35873285-1.jpg https://static-ru.insales.ru/images/products/1/1273/486221049/35873285-2.jpg,http://santitan.ru/product/smesitel-dlya-rakoviny-kaiser-vega-63011-2?variant_id=467768348,Каталог,269463031,467768348
1231,62011,Смеситель для раковины KAISER Estilo (62011),"",KAISER,5530.0,0.0,,https://static-ru.insales.ru/images/products/1/1417/486221193/35873304-1.jpg https://static-ru.insales.ru/images/products/1/1418/486221194/35873304-2.jpg,http://santitan.ru/product/smesitel-dlya-rakoviny-kaiser-estilo-62011-2?variant_id=467768434,Каталог,269463068,467768434
1235,32011,Смеситель для раковины KAISER Luxor (32011),"",KAISER,5430.0,0.0,,https://static-ru.insales.ru/images/products/1/1527/486221303/35873248-1.jpg https://static-ru.insales.ru/images/products/1/1528/486221304/35873248-2.jpg,http://santitan.ru/product/smesitel-dlya-rakoviny-kaiser-luxor-32011?variant_id=467768449,Каталог,269463075,467768449
1251,42011,Смеситель для раковины KAISER Saturn (42011),"",KAISER,5400.0,0.0,,https://static-ru.insales.ru/images/products/1/1466/486221242/35873395-1.jpg https://static-ru.insales.ru/images/products/1/1467/486221243/35873395-2.jpg,http://santitan.ru/product/smesitel-dlya-rakoviny-kaiser-saturn-42011?variant_id=467768535,Каталог,269463110,467768535
1258,202429,Дробилка механическая для винограда Delta ДВ-3,"",Delta,5790.0,0.0,,https://static-ru.insales.ru/images/products/1/1485/486221261/35919094-1.jpg https://static-ru.insales.ru/images/products/1/1487/486221263/35919094-2.jpg https://static-ru.insales.ru/images/products/1/1488/486221264/35919094-3.jpg https://static-ru.insales.ru/images/products/1/1489/486221265/35919094-4.jpg https://static-ru.insales.ru/images/products/1/1490/486221266/35919094-5.jpg https://static-ru.insales.ru/images/products/1/1492/486221268/35919094-6.jpg https://static-ru.insales.ru/images/products/1/1493/486221269/35919094-7.jpg https://static-ru.insales.ru/images/products/1/1494/486221270/35919094-8.jpg https://static-ru.insales.ru/images/products/1/1495/486221271/35919094-9.jpg,http://santitan.ru/product/drobilka-mehanicheskaya-dlya-vinograda-delta-dv-3?variant_id=467768557,Каталог,269463124,467768557
1265,67177-1x,Смеситель для ванны с душем KAISER Aurora (67177-1),"",KAISER,6000.0,0.0,,https://static-ru.insales.ru/images/products/1/1514/486221290/36402645-1.jpg https://static-ru.insales.ru/images/products/1/1515/486221291/36402645-2.jpg,http://santitan.ru/product/smesitel-dlya-vanny-s-dushem-kaiser-aurora-67177-1-2?variant_id=467768603,Каталог,269463140,467768603
1277,11211,Смеситель для раковины KAISER Carlson Lux (11211),"",KAISER,5470.0,0.0,,https://static-ru.insales.ru/images/products/1/1637/486221413/35873416-1.jpg https://static-ru.insales.ru/images/products/1/1639/486221415/35873416-2.jpg,http://santitan.ru/product/smesitel-dlya-rakoviny-kaiser-carlson-lux-11211?variant_id=467768675,Каталог,269463157,467768675
1284,48077x,Смеситель для ванны KAISER Comba (48077),"",KAISER,5920.0,0.0,,https://static-ru.insales.ru/images/products/1/1817/486221593/36639471-1.jpg https://static-ru.insales.ru/images/products/1/1818/486221594/36639471-2.jpg,http://santitan.ru/product/smesitel-dlya-vanny-kaiser-comba-48077-2?variant_id=467768722,Каталог,269463173,467768722
1307,05011-2,Смеситель для раковины KAISER Cezar (05011-2),"",KAISER,5820.0,0.0,0,https://static-ru.insales.ru/images/products/1/1748/486221524/35873187-1.jpg https://static-ru.insales.ru/images/products/1/1749/486221525/35873187-2.jpg,http://santitan.ru/product/smesitel-dlya-rakoviny-kaiser-cezar-05011-2-2?variant_id=467768836,Каталог,269463204,467768836
1311,55011-4,Смеситель для раковины KAISER County (55011-4),"",KAISER,5030.0,0.0,0,https://static-ru.insales.ru/images/products/1/1753/486221529/35873228-1.jpg https://static-ru.insales.ru/images/products/1/1754/486221530/35873228-2.jpg,http://santitan.ru/product/smesitel-dlya-rakoviny-kaiser-county-55011-4-2?variant_id=467768862,Каталог,269463214,467768862
1324,55244-13x,Смеситель для кухонной мойки KAISER County (55244-13),"",KAISER,5180.0,0.0,,https://static-ru.insales.ru/images/products/1/1770/486221546/36407284-1.jpg https://static-ru.insales.ru/images/products/1/1772/486221548/36407284-2.jpg,http://santitan.ru/product/smesitel-dlya-kuhonnoy-moyki-kaiser-county-55244-13-3?variant_id=467768936,Каталог,269463242,467768936
1421,BE72610122,"Смеситель для кухни (мойки) ZOLLEN BERGEN BE72610122),  с вытяжной лейкой, хром","",Zollen,5456.0,0.0,,https://static-ru.insales.ru/images/products/1/2681/486222457/29658823-1.jpg https://static-ru.insales.ru/images/products/1/2684/486222460/29658823-2.jpg,http://santitan.ru/product/smesitel-dlya-kuhni-moyki-zollen-bergen-be72610122-s-vytyazhnoy-leykoy-hrom?variant_id=467769515,Каталог,269463441,467769515
1437,DA1432912,Смеситель для кухни (мойки) D&K Berlin Humboldt (DA1432912) зеленый,"",D&K,5080.0,0.0,10,https://static-ru.insales.ru/images/products/1/2819/486222595/29757580-1.jpg https://static-ru.insales.ru/images/products/1/2820/486222596/29757580-2.jpg,http://santitan.ru/product/smesitel-dlya-kuhni-moyki-dk-berlin-humboldt-da1432912-zelenyy?variant_id=467769604,Каталог,269463471,467769604
1450,DA1322441,Смеситель для кухни (мойки) D&K Rhein.Lessing (DA1322441) хром,"",D&K,5360.0,0.0,10,https://static-ru.insales.ru/images/products/1/2786/486222562/29716432-1.jpg https://static-ru.insales.ru/images/products/1/2787/486222563/29716432-2.jpg,http://santitan.ru/product/smesitel-dlya-kuhni-moyki-dk-rheinlessing-da1322441-hrom?variant_id=467769661,Каталог,269463499,467769661
1471,PU40640211,Смеситель нажимной ZOLLEN PUSH (арт.PU40640211) для умывальника,"",Zollen,5704.0,0.0,,https://static-ru.insales.ru/images/products/1/2766/486222542/29665597-1.jpg https://static-ru.insales.ru/images/products/1/2767/486222543/29665597-2.jpg,http://santitan.ru/product/smesitel-nazhimnoy-zollen-push-artpu40640211-dlya-umyvalnika?variant_id=467769770,Каталог,269463540,467769770
1477,DA1262501,Смеситель для кухни (мойки) с выдвижной лейкой D&K Rhein Mosel (DA1262501) хром,"",D&K,5630.0,0.0,10,https://static-ru.insales.ru/images/products/1/2788/486222564/29720420-1.jpg https://static-ru.insales.ru/images/products/1/2789/486222565/29720420-2.jpg,http://santitan.ru/product/smesitel-dlya-kuhni-moyki-s-vydvizhnoy-leykoy-dk-rhein-mosel-da1262501-hrom?variant_id=467769804,Каталог,269463552,467769804
1481,DA1432201,Смеситель для биде D&K Berlin Freie (DA1432201) хром,"",D&K,5490.0,0.0,10,https://static-ru.insales.ru/images/products/1/2817/486222593/29752988-1.jpg https://static-ru.insales.ru/images/products/1/2818/486222594/29752988-2.jpg,http://santitan.ru/product/smesitel-dlya-bide-dk-berlin-freie-da1432201-hrom?variant_id=467769831,Каталог,269463561,467769831
1576,2308F chrome,Смеситель для кухонной мойки Timo Saona (2308FS chrome),"",Timo,6000.0,0.0,10,https://static-ru.insales.ru/images/products/1/3543/487386583/6014072368.jpg https://static-ru.insales.ru/images/products/1/3544/487386584/6037529112.jpg,http://santitan.ru/product/smesitel-dlya-kuhonnoy-moyki-timo-saona-2308fs-chrome?variant_id=470961037,Каталог,270055758,470961037
1582,2066FN chrome,Смеситель для кухонной мойки Timo Selene (2066FN chrome),"",Timo,5460.0,0.0,10,https://static-ru.insales.ru/images/products/1/3559/487386599/6014072660.jpg https://static-ru.insales.ru/images/products/1/3561/487386601/6037529110.jpg,http://santitan.ru/product/smesitel-dlya-kuhonnoy-moyki-timo-selene-2066fn-chrome?variant_id=470961050,Каталог,270055769,470961050
1639,0143FK chrome-gold,Смеситель для кухонной мойки Timo Ritz (0143FK chrome+gold),"",Timo,5070.0,0.0,10,https://static-ru.insales.ru/images/products/1/3717/487386757/6014064583.jpg https://static-ru.insales.ru/images/products/1/3718/487386758/6037529127.jpg,http://santitan.ru/product/smesitel-dlya-kuhonnoy-moyki-timo-ritz-0143fk-chromegold?variant_id=470961342,Каталог,270055841,470961342
1650,DA1432412,Смеситель для кухни D&K Berlin Humboldt (DA1432412),"",D&K,5080.0,0.0,10,https://static-ru.insales.ru/images/products/1/3748/487386788/6059987474.jpg https://static-ru.insales.ru/images/products/1/3749/487386789/6036694106.jpg,http://santitan.ru/product/smesitel-dlya-kuhni-dk-berlin-humboldt-da1432412?variant_id=470961376,Каталог,270055854,470961376
1652,DA1432413,Смеситель для кухни D&K Berlin Kunste (DA1432413),"",D&K,5080.0,0.0,10,https://static-ru.insales.ru/images/products/1/3756/487386796/6036829720.jpg https://static-ru.insales.ru/images/products/1/3757/487386797/6036694106.jpg https://static-ru.insales.ru/images/products/1/3758/487386798/6059988593.jpg,http://santitan.ru/product/smesitel-dlya-kuhni-dk-berlin-kunste-da1432413?variant_id=470961382,Каталог,270055856,470961382
1653,DA1272441,Смеситель для кухни D&K Rhein Reisling (DA1272441),"",D&K,5640.0,0.0,10,https://static-ru.insales.ru/images/products/1/3759/487386799/6036694049.jpg https://static-ru.insales.ru/images/products/1/3760/487386800/6036694044.jpg,http://santitan.ru/product/smesitel-dlya-kuhni-dk-rhein-reisling-da1272441?variant_id=470961385,Каталог,270055857,470961385
1654,DA1432913,Смеситель для кухни D&K Berlin Kunste (DA1432913),"",D&K,5080.0,0.0,10,https://static-ru.insales.ru/images/products/1/3761/487386801/6059982100.jpg https://static-ru.insales.ru/images/products/1/3762/487386802/6059982063.jpg,http://santitan.ru/product/smesitel-dlya-kuhni-dk-berlin-kunste-da1432913?variant_id=470961389,Каталог,270055858,470961389
1664,DA1312501,Смеситель для кухни с выдвижной лейкой D&K Rhein Speyer (DA1312501),"",D&K,5570.0,0.0,0,https://static-ru.insales.ru/images/products/1/3800/487386840/6060004251.jpg https://static-ru.insales.ru/images/products/1/3803/487386843/6060004181.jpg,http://santitan.ru/product/smesitel-dlya-kuhni-s-vydvizhnoy-leykoy-dk-rhein-speyer-da1312501?variant_id=470961444,Каталог,270055869,470961444
1665,DA1272501,Смеситель для кухни с выдвижной лейкой D&K Rhein Reisling (DA1272501),"",D&K,5590.0,0.0,0,https://static-ru.insales.ru/images/products/1/3806/487386846/6060005625.jpg https://static-ru.insales.ru/images/products/1/3809/487386849/6060005583.jpg,http://santitan.ru/product/smesitel-dlya-kuhni-s-vydvizhnoy-leykoy-dk-rhein-reisling-da1272501?variant_id=470961447,Каталог,270055871,470961447
1667,DA1322501,Смеситель для кухни с выдвижной лейкой D&K Rhein Lessing (DA1322501),"",D&K,5570.0,0.0,0,https://static-ru.insales.ru/images/products/1/3819/487386859/6059998459.jpg https://static-ru.insales.ru/images/products/1/3820/487386860/6059998423.jpg,http://santitan.ru/product/smesitel-dlya-kuhni-s-vydvizhnoy-leykoy-dk-rhein-lessing-da1322501?variant_id=470961454,Каталог,270055873,470961454
1680,F7119177CP-1,Смеситель для кухни Bravat Vega (F7119177CP-1),"",Bravat,5350.0,0.0,0,https://static-ru.insales.ru/images/products/1/3842/487386882/6009702809.jpg https://static-ru.insales.ru/images/products/1/3843/487386883/6009702794.jpg,http://santitan.ru/product/smesitel-dlya-kuhni-bravat-vega-f7119177cp-1?variant_id=470961505,Каталог,270055887,470961505
1684,F793158C-1,Смеситель для кухни Bravat Eco-D (F793158C-1),"",Bravat,5040.0,0.0,,https://static-ru.insales.ru/images/products/1/3851/487386891/6009907430.jpg https://static-ru.insales.ru/images/products/1/3852/487386892/6009907412.jpg,http://santitan.ru/product/smesitel-dlya-kuhni-bravat-eco-d-f793158c-1?variant_id=470961529,Каталог,270055893,470961529
1685,F748162C-2,Смеситель для кухни Bravat Drop-D (F748162C-2),"",Bravat,5150.0,0.0,,https://static-ru.insales.ru/images/products/1/3854/487386894/6009907428.jpg https://static-ru.insales.ru/images/products/1/3855/487386895/6009907416.jpg,http://santitan.ru/product/smesitel-dlya-kuhni-bravat-drop-d-f748162c-2?variant_id=470961540,Каталог,270055894,470961540
1692,F737163C-2,Смеситель для кухни Bravat Stream-D (F737163C-2),"",Bravat,5630.0,0.0,0,https://static-ru.insales.ru/images/products/1/3872/487386912/6009907234.jpg https://static-ru.insales.ru/images/products/1/3873/487386913/6009907218.jpg,http://santitan.ru/product/smesitel-dlya-kuhni-bravat-stream-d-f737163c-2?variant_id=470961586,Каталог,270055902,470961586
1801,55244-13,Смеситель для кухонной мойки KAISER County (55244-13),"",Kaiser,5190.0,0.0,0,https://static-ru.insales.ru/images/products/1/4194/487387234/6008584121.jpg https://static-ru.insales.ru/images/products/1/4195/487387235/6008584116.jpg,http://santitan.ru/product/smesitel-dlya-kuhonnoy-moyki-kaiser-county-55244-13?variant_id=470962090,Каталог,270056040,470962090
1808,00066,Смеситель для кухонной мойки KAISER ECO (66),"",Kaiser,5070.0,0.0,,https://static-ru.insales.ru/images/products/1/4209/487387249/6037529640.jpg https://static-ru.insales.ru/images/products/1/4210/487387250/6037529638.jpg,http://santitan.ru/product/smesitel-dlya-kuhonnoy-moyki-kaiser-eco-66?variant_id=470962114,Каталог,270056047,470962114
1835,TR3635-63,Смеситель для ванны с душем  RUSH Thira (TR3635-63),"",RUSH,5877.0,0.0,10,https://static-ru.insales.ru/images/products/1/4278/487387318/6060008063.jpg https://static-ru.insales.ru/images/products/1/4279/487387319/6060008037.jpg,http://santitan.ru/product/smesitel-dlya-vanny-s-dushem-rush-thira-tr3635-63?variant_id=470962295,Каталог,270056077,470962295
1837,GZ3735-51,Смеситель для ванны с душем  RUSH Gozo (GZ3735-51),"",RUSH,5201.0,0.0,10,https://static-ru.insales.ru/images/products/1/4283/487387323/6060008045.jpg https://static-ru.insales.ru/images/products/1/4284/487387324/6060007990.jpg,http://santitan.ru/product/smesitel-dlya-vanny-s-dushem-rush-gozo-gz3735-51?variant_id=470962301,Каталог,270056079,470962301
1845,BI7650-44,Смеситель для ванны RUSH Bianki (BI7650-44),"",RUSH,5180.0,0.0,10,https://static-ru.insales.ru/images/products/1/4301/487387341/6017996458.jpg https://static-ru.insales.ru/images/products/1/4303/487387343/6017996453.jpg,http://santitan.ru/product/smesitel-dlya-vanny-rush-bianki-bi7650-44?variant_id=470962357,Каталог,270056087,470962357
1852,ED7735-44,Смеситель для ванны RUSH Edge (ED7735-44),"",RUSH,5618.0,0.0,10,https://static-ru.insales.ru/images/products/1/4317/487387357/6017996803.jpg https://static-ru.insales.ru/images/products/1/4318/487387358/6017996791.jpg,http://santitan.ru/product/smesitel-dlya-vanny-rush-edge-ed7735-44?variant_id=470962389,Каталог,270056095,470962389
1854,ED7735-51,Смеситель для ванны RUSH Edge (ED7735-51),"",RUSH,5751.0,0.0,10,https://static-ru.insales.ru/images/products/1/4321/487387361/6035941499.jpg https://static-ru.insales.ru/images/products/1/4322/487387362/6035941498.jpg,http://santitan.ru/product/smesitel-dlya-vanny-rush-edge-ed7735-51?variant_id=470962396,Каталог,270056097,470962396
1855,BA3935-44,Смеситель для ванны RUSH Balearic (BA3935-44),"",RUSH,5861.0,0.0,10,https://static-ru.insales.ru/images/products/1/4323/487387363/6017996471.jpg https://static-ru.insales.ru/images/products/1/4324/487387364/6017996464.jpg,http://santitan.ru/product/smesitel-dlya-vanny-rush-balearic-ba3935-44?variant_id=470962400,Каталог,270056098,470962400
1857,VI7135-44,Смеситель для ванны RUSH Victoria (VI7135-44),"",RUSH,5189.0,0.0,10,https://static-ru.insales.ru/images/products/1/4328/487387368/6023165926.jpg https://static-ru.insales.ru/images/products/1/4329/487387369/6023165924.jpg,http://santitan.ru/product/smesitel-dlya-vanny-rush-victoria-vi7135-44?variant_id=470962408,Каталог,270056100,470962408
1858,VI7135-16,Смеситель для ванны RUSH Victoria (VI7135-16),"",RUSH,5846.0,0.0,10,https://static-ru.insales.ru/images/products/1/4330/487387370/6017996836.jpg https://static-ru.insales.ru/images/products/1/4331/487387371/6017996830.jpg,http://santitan.ru/product/smesitel-dlya-vanny-rush-victoria-vi7135-16?variant_id=470962414,Каталог,270056101,470962414
1861,CO4240-51,Смеситель для ванны RUSH Corsica (CO4240-51),"",RUSH,5331.0,0.0,10,https://static-ru.insales.ru/images/products/1/4336/487387376/6017996785.jpg https://static-ru.insales.ru/images/products/1/4337/487387377/6017996783.jpg,http://santitan.ru/product/smesitel-dlya-vanny-rush-corsica-co4240-51?variant_id=470962437,Каталог,270056104,470962437
1862,FI1835-51,Смеситель для ванны RUSH Fiji (FI1835-51),"",RUSH,5443.0,0.0,10,https://static-ru.insales.ru/images/products/1/4338/487387378/6035941506.jpg https://static-ru.insales.ru/images/products/1/4339/487387379/6035941501.jpg,http://santitan.ru/product/smesitel-dlya-vanny-rush-fiji-fi1835-51?variant_id=470962446,Каталог,270056105,470962446
1892,ST1235-63,Смеситель для ванны с душем  RUSH Socotra (ST1235-63),"",RUSH,5091.0,0.0,10,https://static-ru.insales.ru/images/products/1/4404/487387444/6017996789.jpg https://static-ru.insales.ru/images/products/1/4405/487387445/6017996786.jpg,http://santitan.ru/product/smesitel-dlya-vanny-s-dushem-rush-socotra-st1235-63?variant_id=470962596,Каталог,270056139,470962596
1897,IS6535-63,Смеситель для ванны с душем  RUSH Island (IS6535-63),"",RUSH,5229.0,0.0,10,https://static-ru.insales.ru/images/products/1/4415/487387455/6017996395.jpg https://static-ru.insales.ru/images/products/1/4416/487387456/6017996380.jpg,http://santitan.ru/product/smesitel-dlya-vanny-s-dushem-rush-island-is6535-63?variant_id=470962623,Каталог,270056144,470962623
1898,BE5535-51,Смеситель для ванны с душем  RUSH Bering (BE5535-51),"",RUSH,5914.0,0.0,10,https://static-ru.insales.ru/images/products/1/4417/487387457/6017996411.jpg https://static-ru.insales.ru/images/products/1/4418/487387458/6017996404.jpg,http://santitan.ru/product/smesitel-dlya-vanny-s-dushem-rush-bering-be5535-51?variant_id=470962626,Каталог,270056145,470962626
1913,DA1293101,Смеситель для душа D&K Rhein Hertz (DA1293101),"",D&K,5970.0,0.0,0,https://static-ru.insales.ru/images/products/1/4450/487387490/6060917593.jpg https://static-ru.insales.ru/images/products/1/4451/487387491/6060917584.jpg,http://santitan.ru/product/smesitel-dlya-dusha-dk-rhein-hertz-da1293101?variant_id=470962710,Каталог,270056161,470962710
1925,DA1394601,Смеситель для душа встраиваемый D&K Rhein Marx (DA1394601),"",D&K,5290.0,0.0,10,https://static-ru.insales.ru/images/products/1/4486/487387526/6036357545.jpg https://static-ru.insales.ru/images/products/1/4487/487387527/6036357521.jpg,http://santitan.ru/product/smesitel-dlya-dusha-vstraivaemyy-dk-rhein-marx-da1394601?variant_id=470962774,Каталог,270056174,470962774
1946,DA1383201,Смеситель для ванны D&K Hessen Grimm (DA1383201),"",D&K,5790.0,0.0,10,https://static-ru.insales.ru/images/products/1/4535/487387575/6060909817.jpg https://static-ru.insales.ru/images/products/1/4536/487387576/6060909778.jpg,http://santitan.ru/product/smesitel-dlya-vanny-dk-hessen-grimm-da1383201?variant_id=470962866,Каталог,270056199,470962866
1954,DA1343201,Смеситель для ванны D&K Rhein Ambrosius (DA1343201),"",D&K,5790.0,0.0,10,https://static-ru.insales.ru/images/products/1/4556/487387596/6060903812.jpg https://static-ru.insales.ru/images/products/1/4557/487387597/6060903809.jpg,http://santitan.ru/product/smesitel-dlya-vanny-dk-rhein-ambrosius-da1343201?variant_id=470962916,Каталог,270056210,470962916
1955,DA1353201,Смеситель для ванны D&K Rhein Paulinus (DA1353201),"",D&K,5790.0,0.0,10,https://static-ru.insales.ru/images/products/1/4558/487387598/6060905797.jpg https://static-ru.insales.ru/images/products/1/4559/487387599/6060905782.jpg,http://santitan.ru/product/smesitel-dlya-vanny-dk-rhein-paulinus-da1353201?variant_id=470962923,Каталог,270056211,470962923
1970,DA1393101,Смеситель для душа D&K Rhein Marx (DA1393101),"",D&K,5310.0,0.0,10,https://static-ru.insales.ru/images/products/1/4596/487387636/6036357534.jpg https://static-ru.insales.ru/images/products/1/4598/487387638/6036357531.jpg,http://santitan.ru/product/smesitel-dlya-dusha-dk-rhein-marx-da1393101?variant_id=470963008,Каталог,270056227,470963008
1980,DA1473301,Смеситель для ванны D&K Rhein Bach (DA1473301),"",D&K,5270.0,0.0,10,https://static-ru.insales.ru/images/products/1/4663/487387703/6060890985.jpg https://static-ru.insales.ru/images/products/1/4664/487387704/6060890979.jpg,http://santitan.ru/product/smesitel-dlya-vanny-dk-rhein-bach-da1473301?variant_id=470963055,Каталог,270056240,470963055
1997,F9351385CP-01-RUS,Смеситель для душа Bravat Arden (F9351385CP-01-RUS),"",Bravat,5680.0,0.0,0,https://static-ru.insales.ru/images/products/1/4703/487387743/6009907362.jpg https://static-ru.insales.ru/images/products/1/4704/487387744/6009907357.jpg,http://santitan.ru/product/smesitel-dlya-dusha-bravat-arden-f9351385cp-01-rus?variant_id=470963126,Каталог,270056264,470963126
2009,F637163C-01,Смеситель для ванны c коротким изливом Bravat Stream-D (F637163C-01),"",Bravat,5940.0,0.0,,https://static-ru.insales.ru/images/products/1/4733/487387773/6009907530.jpg https://static-ru.insales.ru/images/products/1/4734/487387774/6009907526.jpg,http://santitan.ru/product/smesitel-dlya-vanny-c-korotkim-izlivom-bravat-stream-d-f637163c-01?variant_id=470963179,Каталог,270056280,470963179
2012,F64898C-01A,Смеситель для ванны с коротким изливом Bravat Drop (F64898C-01A),"",Bravat,5200.0,0.0,0,https://static-ru.insales.ru/images/products/1/4740/487387780/6009697917.jpg https://static-ru.insales.ru/images/products/1/4741/487387781/6009697913.jpg,http://santitan.ru/product/smesitel-dlya-vanny-s-korotkim-izlivom-bravat-drop-f64898c-01a?variant_id=470963191,Каталог,270056284,470963191
2013,F648162C-B-RUS,Смеситель для ванны с коротким изливом с аксессуарами Bravat Drop-D (F648162C-B-RUS),"",Bravat,5870.0,0.0,,https://static-ru.insales.ru/images/products/1/4743/487387783/6009907236.jpg https://static-ru.insales.ru/images/products/1/4744/487387784/6009697913.jpg,http://santitan.ru/product/smesitel-dlya-vanny-s-korotkim-izlivom-s-aksessuarami-bravat-drop-d-f648162c-b-rus?variant_id=470963195,Каталог,270056286,470963195
2021,F9120178CP-01,Смеситель для душа Bravat Alfa (F9120178CP-01),"",Bravat,5620.0,0.0,0,https://static-ru.insales.ru/images/products/1/4774/487387814/6009907507.jpg https://static-ru.insales.ru/images/products/1/4775/487387815/6009907497.jpg,http://santitan.ru/product/smesitel-dlya-dusha-bravat-alfa-f9120178cp-01?variant_id=470963214,Каталог,270056297,470963214
2031,FB848238CP-3-RUS,Смеситель встраиваемый в стену 3-функц (латунное тело в комплекте) Bravat Eler (FB848238CP-3-RUS),"",Bravat,5850.0,0.0,0,https://static-ru.insales.ru/images/products/1/4789/487387829/6009907470.jpg https://static-ru.insales.ru/images/products/1/4791/487387831/6009907463.jpg,http://santitan.ru/product/smesitel-vstraivaemyy-v-stenu-3-funkts-latunnoe-telo-v-komplekte-bravat-eler-fb848238cp-3-rus?variant_id=470963248,Каталог,270056309,470963248
2053,F648162C-01,Смеситель для ванны c коротким изливом Bravat Drop-D (F648162C-01),"",Bravat,5200.0,0.0,,https://static-ru.insales.ru/images/products/1/4838/487387878/6009697940.jpg https://static-ru.insales.ru/images/products/1/4839/487387879/6009697913.jpg,http://santitan.ru/product/smesitel-dlya-vanny-c-korotkim-izlivom-bravat-drop-d-f648162c-01?variant_id=470963316,Каталог,270056342,470963316
2057,FB848238CP-2-RUS,Смеситель встраиваемый в стену 2-функц (латунное тело в комплекте) Bravat Eler (FB848238CP-2-RUS),"",Bravat,5410.0,0.0,0,https://static-ru.insales.ru/images/products/1/4845/487387885/6009907321.jpg https://static-ru.insales.ru/images/products/1/4847/487387887/6009907319.jpg,http://santitan.ru/product/smesitel-vstraivaemyy-v-stenu-2-funkts-latunnoe-telo-v-komplekte-bravat-eler-fb848238cp-2-rus?variant_id=470963329,Каталог,270056346,470963329
2064,F6111158C-B,Смеситель для ванны с коротким изливом с аксессуарами Bravat Eco (F6111147C-B),"",Bravat,5010.0,0.0,,https://static-ru.insales.ru/images/products/1/4862/487387902/6009907390.jpg https://static-ru.insales.ru/images/products/1/4863/487387903/6009907378.jpg,http://santitan.ru/product/smesitel-dlya-vanny-s-korotkim-izlivom-s-aksessuarami-bravat-eco-f6111147c-b?variant_id=470963343,Каталог,270056354,470963343
2069,F693158C-B,Смеситель для ванны c коротким изливом с аксессуарами Bravat Eco-D (F693158C-B),"",Bravat,5010.0,0.0,,https://static-ru.insales.ru/images/products/1/4873/487387913/6009907207.jpg https://static-ru.insales.ru/images/products/1/4874/487387914/6009697939.jpg,http://santitan.ru/product/smesitel-dlya-vanny-c-korotkim-izlivom-s-aksessuarami-bravat-eco-d-f693158c-b?variant_id=470963353,Каталог,270056361,470963353
2071,F65299C-1L,Смеситель для ванны c длинным изливом Bravat Line (F65299C-1L),"",Bravat,5900.0,0.0,,https://static-ru.insales.ru/images/products/1/4884/487387924/6009702800.jpg https://static-ru.insales.ru/images/products/1/4885/487387925/6009702791.jpg,http://santitan.ru/product/smesitel-dlya-vanny-c-dlinnym-izlivom-bravat-line-f65299c-1l?variant_id=470963363,Каталог,270056364,470963363
2093,DA1243301,Смеситель для ванны D&K Bayern.Arbeo (DA1243301),"",D&K,5240.0,0.0,0,https://static-ru.insales.ru/images/products/1/4938/487387978/6060764377.jpg https://static-ru.insales.ru/images/products/1/4939/487387979/6060764373.jpg,http://santitan.ru/product/smesitel-dlya-vanny-dk-bayernarbeo-da1243301?variant_id=470963444,Каталог,270056392,470963444
2095,DA1223301,Смеситель для ванны D&K Bayern.Furth (DA1223301),"",D&K,5480.0,0.0,0,https://static-ru.insales.ru/images/products/1/4943/487387983/6060759727.jpg https://static-ru.insales.ru/images/products/1/4944/487387984/6060759726.jpg,http://santitan.ru/product/smesitel-dlya-vanny-dk-bayernfurth-da1223301?variant_id=470963455,Каталог,270056395,470963455
2114,TE2835-44,Смеситель одноручный для ванны RUSH Tenerife (TE2835-44),"",RUSH,5490.0,0.0,10,https://static-ru.insales.ru/images/products/1/5031/487388071/6035941445.jpg https://static-ru.insales.ru/images/products/1/5033/487388073/6035941438.jpg,http://santitan.ru/product/smesitel-odnoruchnyy-dlya-vanny-rush-tenerife-te2835-44?variant_id=470963545,Каталог,270056418,470963545
2116,BR4335-51,Смеситель одноручный для ванны с поворотным изливом RUSH Bruny (BR4335-51),"",RUSH,5490.0,0.0,10,https://static-ru.insales.ru/images/products/1/5046/487388086/6035941455.jpg https://static-ru.insales.ru/images/products/1/5048/487388088/6035941449.jpg,http://santitan.ru/product/smesitel-odnoruchnyy-dlya-vanny-s-povorotnym-izlivom-rush-bruny-br4335-51?variant_id=470963548,Каталог,270056420,470963548
2119,JA0735-51,Смеситель одноручный для ванны с поворотным изливом RUSH Jawa (JA0735-51),"",RUSH,5333.0,0.0,10,https://static-ru.insales.ru/images/products/1/5058/487388098/6035941457.jpg https://static-ru.insales.ru/images/products/1/5059/487388099/6035941453.jpg,http://santitan.ru/product/smesitel-odnoruchnyy-dlya-vanny-s-povorotnym-izlivom-rush-jawa-ja0735-51?variant_id=470963552,Каталог,270056424,470963552
2122,TE2835-51,Смеситель одноручный для ванны с поворотным изливом RUSH Tenerife (TE2835-51),"",RUSH,5333.0,0.0,10,https://static-ru.insales.ru/images/products/1/5084/487388124/6035941442.jpg https://static-ru.insales.ru/images/products/1/5085/487388125/6035941439.jpg,http://santitan.ru/product/smesitel-odnoruchnyy-dlya-vanny-s-povorotnym-izlivom-rush-tenerife-te2835-51?variant_id=470963556,Каталог,270056428,470963556
2150,PSM-300-4,Смеситель для душа ПСМ-ПРОФСАН PSM-300-4 STEEL тип См-ДшОНРШл,"",ПСМ-Профсан,5140.0,0.0,0,https://static-ru.insales.ru/images/products/1/5149/487388189/6038437511.jpg https://static-ru.insales.ru/images/products/1/5150/487388190/6038437503.jpg,http://santitan.ru/product/smesitel-dlya-dusha-psm-profsan-psm-300-4-steel-tip-sm-dshonrshl?variant_id=470963654,Каталог,270056470,470963654
2248,48077,Смеситель для ванны KAISER Comba (48077),"",Kaiser,5940.0,0.0,,https://static-ru.insales.ru/images/products/1/5427/487388467/6038521236.jpg https://static-ru.insales.ru/images/products/1/5431/487388471/6038521233.jpg,http://santitan.ru/product/smesitel-dlya-vanny-kaiser-comba-48077?variant_id=470964022,Каталог,270056612,470964022
2250,55222,Смеситель для ванны с душем KAISER County (55222),"",Kaiser,5800.0,0.0,,https://static-ru.insales.ru/images/products/1/5435/487388475/6014796074.jpg https://static-ru.insales.ru/images/products/1/5436/487388476/6014796072.jpg,http://santitan.ru/product/smesitel-dlya-vanny-s-dushem-kaiser-county-55222?variant_id=470964033,Каталог,270056614,470964033
2272,34777,Смеситель для ванны KAISER Sonat (34777),"",Kaiser,5760.0,0.0,,https://static-ru.insales.ru/images/products/1/5534/487388574/6038521291.jpg https://static-ru.insales.ru/images/products/1/5535/487388575/6014795122.jpg,http://santitan.ru/product/smesitel-dlya-vanny-kaiser-sonat-34777?variant_id=470964123,Каталог,270056642,470964123
2309,31011,Смеситель для ванны с душем KAISER Vincent (31011),"",Kaiser,5910.0,0.0,,https://static-ru.insales.ru/images/products/1/5698/487388738/6014790384.jpg https://static-ru.insales.ru/images/products/1/5699/487388739/6014790382.jpg,http://santitan.ru/product/smesitel-dlya-vanny-s-dushem-kaiser-vincent-31011?variant_id=470964263,Каталог,270056704,470964263
2477,DR20043,Смеситель для ванны DECOROOM DR20 (DR20043),"",DECOROOM,5406.0,0.0,10,https://static-ru.insales.ru/images/products/1/6198/487389238/6136867412.jpg https://static-ru.insales.ru/images/products/1/6199/487389239/6136867413.jpg,http://santitan.ru/product/smesitel-dlya-vanny-decoroom-dr20-dr20043?variant_id=470964928,Каталог,270056951,470964928
2490,DR23036,Смеситель для ванны DECOROOM DR23 (DR23036),"",DECOROOM,5432.0,0.0,10,https://static-ru.insales.ru/images/products/1/6230/487389270/6136848578.jpg https://static-ru.insales.ru/images/products/1/6232/487389272/6136848577.jpg,http://santitan.ru/product/smesitel-dlya-vanny-decoroom-dr23-dr23036?variant_id=470964981,Каталог,270056967,470964981
2495,DR23043,Смеситель для ванны DECOROOM DR23 (DR23043),"",DECOROOM,5207.0,0.0,10,https://static-ru.insales.ru/images/products/1/6244/487389284/6136678628.jpg https://static-ru.insales.ru/images/products/1/6246/487389286/6136678632.jpg,http://santitan.ru/product/smesitel-dlya-vanny-decoroom-dr23-dr23043?variant_id=470965005,Каталог,270056973,470965005
2521,DR70044,Смеситель для ванны DECOROOM DR70 (DR70044),"",DECOROOM,5107.0,0.0,10,https://static-ru.insales.ru/images/products/1/6314/487389354/6136676988.jpg https://static-ru.insales.ru/images/products/1/6315/487389355/6136676987.jpg,http://santitan.ru/product/smesitel-dlya-vanny-decoroom-dr70-dr70044?variant_id=470965096,Каталог,270057006,470965096
2527,DR72036,Смеситель для ванны DECOROOM DR72 (DR72036),"",DECOROOM,5802.0,0.0,10,https://static-ru.insales.ru/images/products/1/6328/487389368/6136691874.jpg https://static-ru.insales.ru/images/products/1/6329/487389369/6136691883.jpg,http://santitan.ru/product/smesitel-dlya-vanny-decoroom-dr72-dr72036?variant_id=470965131,Каталог,270057013,470965131
2528,DR72043,Смеситель для ванны DECOROOM DR72 (DR72043),"",DECOROOM,5107.0,0.0,10,https://static-ru.insales.ru/images/products/1/6331/487389371/6136686156.jpg https://static-ru.insales.ru/images/products/1/6332/487389372/6136686168.jpg,http://santitan.ru/product/smesitel-dlya-vanny-decoroom-dr72-dr72043?variant_id=470965138,Каталог,270057014,470965138
2796,FX-61315,Полка для полотенец FIXSEN Kvadro (FX-61315),"",Fixsen,5280.0,0.0,0,https://static-ru.insales.ru/images/products/1/7025/487390065/6048395112.jpg https://static-ru.insales.ru/images/products/1/7026/487390066/6048395110.jpg,http://santitan.ru/product/polka-dlya-polotenets-fixsen-kvadro-fx-61315?variant_id=470965988,Каталог,270057331,470965988
2825,FX-71615,Полка для полотенец FIXSEN Best (FX-71615),"",Fixsen,5185.0,0.0,0,https://static-ru.insales.ru/images/products/1/7112/487390152/6048395144.jpg https://static-ru.insales.ru/images/products/1/7114/487390154/6048395151.jpg,http://santitan.ru/product/polka-dlya-polotenets-fixsen-best-fx-71615?variant_id=470966084,Каталог,270057366,470966084
2828,FX-71622,Полка FIXSEN Best стеклянная 2-х этажная (FX-71622),"",Fixsen,5185.0,0.0,0,https://static-ru.insales.ru/images/products/1/7119/487390159/6048395145.jpg https://static-ru.insales.ru/images/products/1/7120/487390160/6048395142.jpg,http://santitan.ru/product/polka-fixsen-best-steklyannaya-2-h-etazhnaya-fx-71622?variant_id=470966091,Каталог,270057369,470966091
2831,10043/00,Бумагодержатель с полкой для телефона Timo Selene (10043/00) хром,"",Timo,5008.0,0.0,10,https://static-ru.insales.ru/images/products/1/7124/487390164/6036358177.jpg https://static-ru.insales.ru/images/products/1/7125/487390165/6036358174.jpg,http://santitan.ru/product/bumagoderzhatel-s-polkoy-dlya-telefona-timo-selene-1004300-hrom?variant_id=470966095,Каталог,270057373,470966095
2832,14061/03,Щетка для туалета Timo Selene (14061/03) черный,"",TIMO,5008.0,0.0,0,https://static-ru.insales.ru/images/products/1/7126/487390166/6046394787.jpg https://static-ru.insales.ru/images/products/1/7127/487390167/6046394768.jpg,http://santitan.ru/product/schetka-dlya-tualeta-timo-selene-1406103-chernyy?variant_id=470966097,Каталог,270057374,470966097
2833,10059/00,Полотенцедержатель поворотный Timo Selene (10059/00),"",Timo,5122.0,0.0,10,https://static-ru.insales.ru/images/products/1/7128/487390168/6046394785.jpg https://static-ru.insales.ru/images/products/1/7133/487390173/6036350847.jpg,http://santitan.ru/product/polotentsederzhatel-povorotnyy-timo-selene-1005900?variant_id=470966100,Каталог,270057375,470966100
2837,FX-41115,Полка для полотенец FIXSEN Style (FX-41115),"",Fixsen,5500.0,0.0,0,https://static-ru.insales.ru/images/products/1/7144/487390184/6048395176.jpg https://static-ru.insales.ru/images/products/1/7147/487390187/6048395162.jpg,http://santitan.ru/product/polka-dlya-polotenets-fixsen-style-fx-41115?variant_id=470966116,Каталог,270057381,470966116
2840,160061/02,Ершик для туалета Timo Nelson (160061/02),"",Timo,5550.0,0.0,10,https://static-ru.insales.ru/images/products/1/7151/487390191/6036195528.jpg https://static-ru.insales.ru/images/products/1/7152/487390192/6036195518.jpg,http://santitan.ru/product/ershik-dlya-tualeta-timo-nelson-16006102?variant_id=470966137,Каталог,270057384,470966137
2842,10073/00,Полка стеклянная угловая Timo Selene (10073/00),"",Timo,5634.0,0.0,10,https://static-ru.insales.ru/images/products/1/7158/487390198/6048395159.jpg https://static-ru.insales.ru/images/products/1/7159/487390199/6036350698.jpg,http://santitan.ru/product/polka-steklyannaya-uglovaya-timo-selene-1007300?variant_id=470966147,Каталог,270057386,470966147
2843,KH-2019,Полка для полотенец с держателем KAISER хром (нерж) (KH-2019),"",Kaiser,5550.0,0.0,0,https://static-ru.insales.ru/images/products/1/7161/487390201/6046394790.jpg,http://santitan.ru/product/polka-dlya-polotenets-s-derzhatelem-kaiser-hrom-nerzh-kh-2019?variant_id=470966152,Каталог,270057387,470966152
2844,TR36611,Полка стеклянная с бортиком RUSH Thira (TR36611),"",RUSH,5016.0,0.0,0,https://static-ru.insales.ru/images/products/1/7162/487390202/6040943683.jpg https://static-ru.insales.ru/images/products/1/7163/487390203/6040943668.jpg,http://santitan.ru/product/polka-steklyannaya-s-bortikom-rush-thira-tr36611?variant_id=470966157,Каталог,270057388,470966157
2845,KH-4509,Полка для полотенец с держателем KAISER бронза (цинк) (KH-4509),"",Kaiser,5760.0,0.0,0,https://static-ru.insales.ru/images/products/1/7164/487390204/6046394791.jpg,http://santitan.ru/product/polka-dlya-polotenets-s-derzhatelem-kaiser-bronza-tsink-kh-4509?variant_id=470966162,Каталог,270057390,470966162
2846,FX-61225,Стойка FIXSEN настенная (FX-61225),"",Fixsen,5400.0,0.0,0,https://static-ru.insales.ru/images/products/1/7165/487390205/6048395197.jpg https://static-ru.insales.ru/images/products/1/7167/487390207/6048395193.jpg,http://santitan.ru/product/stoyka-fixsen-nastennaya-fx-61225?variant_id=470966167,Каталог,270057391,470966167
2847,AZR U-3 BR,Полка двойная Zorg Antic (AZR U-3 BR),"",ZorG,5050.0,0.0,0,https://static-ru.insales.ru/images/products/1/7169/487390209/6048395183.jpg,http://santitan.ru/product/polka-dvoynaya-zorg-antic-azr-u-3-br?variant_id=470966171,Каталог,270057392,470966171
2848,FL08611,Полка стеклянная с бортиком RUSH Flores (FL08611),"",RUSH,5403.0,0.0,10,https://static-ru.insales.ru/images/products/1/7170/487390210/6040943662.jpg https://static-ru.insales.ru/images/products/1/7171/487390211/6040943657.jpg,http://santitan.ru/product/polka-steklyannaya-s-bortikom-rush-flores-fl08611?variant_id=470966176,Каталог,270057393,470966176
2849,KH-2009,Полка для полотенец с держателем KAISER хром (латунь) (KH-2009),"",Kaiser,5880.0,0.0,0,https://static-ru.insales.ru/images/products/1/7172/487390212/6046394789.jpg,http://santitan.ru/product/polka-dlya-polotenets-s-derzhatelem-kaiser-hrom-latun-kh-2009?variant_id=470966182,Каталог,270057395,470966182
2850,10040/00,Бумагодержатель с полкой для телефона Timo Selene (10040/00) хром,"",Timo,5903.0,0.0,10,https://static-ru.insales.ru/images/products/1/7173/487390213/6036349661.jpg https://static-ru.insales.ru/images/products/1/7176/487390216/6035875185.jpg,http://santitan.ru/product/bumagoderzhatel-s-polkoy-dlya-telefona-timo-selene-1004000-hrom?variant_id=470966186,Каталог,270057396,470966186
2851,AZR 20 SL,Держатель освежителя воздуха и туалетной бумаги ZORG (AZR 20 SL),"",ZorG,5050.0,0.0,0,https://static-ru.insales.ru/images/products/1/7178/487390218/6046394794.jpg https://static-ru.insales.ru/images/products/1/7179/487390219/6046394793.jpg,http://santitan.ru/product/derzhatel-osvezhitelya-vozduha-i-tualetnoy-bumagi-zorg-azr-20-sl?variant_id=470966191,Каталог,270057397,470966191
2854,AZR 13 BR,Держатель полотенца двойной Zorg Antic (AZR 13 BR),"",ZorG,5400.0,0.0,0,https://static-ru.insales.ru/images/products/1/7184/487390224/6022282879.jpg,http://santitan.ru/product/derzhatel-polotentsa-dvoynoy-zorg-antic-azr-13-br?variant_id=470966204,Каталог,270057400,470966204
2857,TR36532A,Полотенцедержатель двойной 60 см. RUSH Thira (TR36532A),"",RUSH,5633.0,0.0,10,https://static-ru.insales.ru/images/products/1/7190/487390230/6037272097.jpg https://static-ru.insales.ru/images/products/1/7191/487390231/6037272090.jpg,http://santitan.ru/product/polotentsederzhatel-dvoynoy-60-sm-rush-thira-tr36532a?variant_id=470966217,Каталог,270057404,470966217
2859,TR36532В,Полотенцедержатель двойной 70 см. RUSH Thira (TR36532В),"",RUSH,5980.0,0.0,10,https://static-ru.insales.ru/images/products/1/7194/487390234/6046394815.jpg,http://santitan.ru/product/polotentsederzhatel-dvoynoy-70-sm-rush-thira-tr36532v?variant_id=470966226,Каталог,270057407,470966226
2860,ED77623,"Полка навесная, хром RUSH EDGE (ED77623)","",RUSH,5951.0,0.0,10,https://static-ru.insales.ru/images/products/1/7196/487390236/6040943675.jpg https://static-ru.insales.ru/images/products/1/7198/487390238/6066439542.jpg,http://santitan.ru/product/polka-navesnaya-hrom-rush-edge-ed77623?variant_id=470966232,Каталог,270057408,470966232
2935,KSS-8060R,Кухонная мойка KAISER KSS нержавеющая сталь (KSS-8060R),"",Kaiser,5020.0,0.0,0,https://static-ru.insales.ru/images/products/1/7430/487390470/6011825909.jpg https://static-ru.insales.ru/images/products/1/7431/487390471/6011825903.jpg,http://santitan.ru/product/kuhonnaya-moyka-kaiser-kss-nerzhaveyuschaya-stal-kss-8060r?variant_id=470966492,Каталог,270057504,470966492
2939,KSM-4300,"Мойка кухонная KAISER 43x43x17,8 сталь (KSM-4300)","",Kaiser,5790.0,0.0,0,https://static-ru.insales.ru/images/products/1/7440/487390480/6064216965.jpg https://static-ru.insales.ru/images/products/1/7441/487390481/6064216989.jpg,http://santitan.ru/product/moyka-kuhonnaya-kaiser-43x43x178-stal-ksm-4300?variant_id=470966519,Каталог,270057509,470966519
2943,KSS-8060L,Кухонная мойка KAISER KSS нержавеющая сталь (KSS-8060L),"",Kaiser,5020.0,0.0,0,https://static-ru.insales.ru/images/products/1/7449/487390489/6011825909.jpg https://static-ru.insales.ru/images/products/1/7452/487390492/6011825903.jpg,http://santitan.ru/product/kuhonnaya-moyka-kaiser-kss-nerzhaveyuschaya-stal-kss-8060l?variant_id=470966533,Каталог,270057514,470966533
3056,CAS090H016,Сцепление в сборе FARO CAS090H016 для Hyundai;Kia,"",FARO,5865.0,0.0,,https://static-ru.insales.ru/images/products/1/7755/487390795/6054764508.jpg,http://santitan.ru/product/stseplenie-v-sbore-faro-cas090h016-dlya-hyundaikia?variant_id=470966809,Каталог,270057651,470966809
3100,0151G chrome,Смеситель для раковины с гигиеническим душем Timo Nordic (0151G chrome),"",Timo,5150.0,0.0,,https://static-ru.insales.ru/images/products/1/7925/487390965/6013951090.jpg https://static-ru.insales.ru/images/products/1/7926/487390966/6043080934.jpg,http://santitan.ru/product/smesitel-dlya-rakoviny-s-gigienicheskim-dushem-timo-nordic-0151g-chrome?variant_id=470966980,Каталог,270057731,470966980
3115,1911F silver,Смеситель для раковины Timo Nelson (1911F silver),"",Timo,5460.0,0.0,10,https://static-ru.insales.ru/images/products/1/7981/487391021/6013890799.jpg https://static-ru.insales.ru/images/products/1/7982/487391022/6043080935.jpg,http://santitan.ru/product/smesitel-dlya-rakoviny-timo-nelson-1911f-silver?variant_id=470967024,Каталог,270057750,470967024
3164,F14898C-1,Смеситель для умывальника Bravat Drop (F14898C-1),"",Bravat,5610.0,0.0,0,https://static-ru.insales.ru/images/products/1/8158/487391198/6078516838.jpg https://static-ru.insales.ru/images/products/1/8159/487391199/6078516839.jpg,http://santitan.ru/product/smesitel-dlya-umyvalnika-bravat-drop-f14898c-1?variant_id=470967256,Каталог,270057837,470967256
3177,NE1735-12ch,Смеситель для умывальника RUSH Nevis NE1735-12ch,"",RUSH,5882.0,0.0,10,https://static-ru.insales.ru/images/products/1/12/487391244/6078732410.jpg https://static-ru.insales.ru/images/products/1/13/487391245/6078730625.jpg,http://santitan.ru/product/smesitel-dlya-umyvalnika-rush-nevis-ne1735-12ch?variant_id=470967282,Каталог,270057854,470967282
3195,JA0735-12,Смеситель одноручный для умывальника с вытяжной лейкой RUSH Jawa JA0735-12,"",RUSH,5510.0,0.0,10,https://static-ru.insales.ru/images/products/1/92/487391324/6078731676.jpg https://static-ru.insales.ru/images/products/1/93/487391325/6078731681.jpg,http://santitan.ru/product/smesitel-odnoruchnyy-dlya-umyvalnika-s-vytyazhnoy-leykoy-rush-jawa-ja0735-12?variant_id=470967333,Каталог,270057876,470967333
3200,TSB-WH1526,Проточный водонагреватель TSARSBERG TSB-WH1526 электрический с душем,"",Tsarsberg,5070.0,0.0,0,https://static-ru.insales.ru/images/products/1/116/487391348/6078486023.jpg https://static-ru.insales.ru/images/products/1/117/487391349/6078486022.jpg https://static-ru.insales.ru/images/products/1/119/487391351/6078486024.jpg https://static-ru.insales.ru/images/products/1/120/487391352/6078482488.jpg https://static-ru.insales.ru/images/products/1/121/487391353/6078482490.jpg,http://santitan.ru/product/protochnyy-vodonagrevatel-tsarsberg-tsb-wh1526-elektricheskiy-s-dushem?variant_id=470967352,Каталог,270057883,470967352
3212,F1135188BM-RUS,"Смеситель для умывальника, черный Bravat Fit Black F1135188BM-RUS","",Bravat,5290.0,0.0,0,https://static-ru.insales.ru/images/products/1/173/487391405/6078500774.jpg https://static-ru.insales.ru/images/products/1/176/487391408/6078500775.jpg,http://santitan.ru/product/smesitel-dlya-umyvalnika-chernyy-bravat-fit-black-f1135188bm-rus?variant_id=470967392,Каталог,270057904,470967392
3224,TE2835-12,Смеситель одноручный для умывальника с вытяжной лейкой RUSH Tenerife TE2835-12,"",RUSH,5511.0,0.0,10,https://static-ru.insales.ru/images/products/1/175/487391407/6078730389.jpg https://static-ru.insales.ru/images/products/1/178/487391410/6078730388.jpg,http://santitan.ru/product/smesitel-odnoruchnyy-dlya-umyvalnika-s-vytyazhnoy-leykoy-rush-tenerife-te2835-12?variant_id=470967407,Каталог,270057919,470967407
3372,DA1344501,Смеситель с гигиеническим душем встраиваемый D&K Rhein Ambrosius (DA1344501),"",D&K,5580.0,0.0,10,https://static-ru.insales.ru/images/products/1/734/487391966/6076737219.jpg https://static-ru.insales.ru/images/products/1/737/487391969/6076737218.jpg,http://santitan.ru/product/smesitel-s-gigienicheskim-dushem-vstraivaemyy-dk-rhein-ambrosius-da1344501?variant_id=470968038,Каталог,270058120,470968038
3410,D9100CP-ENG,Скрытая часть встраиваемого смесителя Bravat (2-функц) Gina (D9100CP-ENG),"",Bravat,5720.0,0.0,10,https://static-ru.insales.ru/images/products/1/851/487392083/6076725361.jpg,http://santitan.ru/product/skrytaya-chast-vstraivaemogo-smesitelya-bravat-2-funkts-gina-d9100cp-eng?variant_id=470968165,Каталог,270058167,470968165
3432,DN0335-51,Смеситель одноручный для ванны с поворотным изливом RUSH Denis (DN0335-51),"",RUSH,5333.0,0.0,10,https://static-ru.insales.ru/images/products/1/952/487392184/6076730431.jpg https://static-ru.insales.ru/images/products/1/954/487392186/6076730430.jpg,http://santitan.ru/product/smesitel-odnoruchnyy-dlya-vanny-s-povorotnym-izlivom-rush-denis-dn0335-51?variant_id=470968252,Каталог,270058194,470968252
3473,A9055-OR,Смеситель на раковину Bronze de Luxe Perse и PURE (A9055-OR),"",Bronze de Luxe,5720.0,0.0,0,https://static-ru.insales.ru/images/products/1/1139/487392371/6117549212.jpg https://static-ru.insales.ru/images/products/1/1140/487392372/6117549247.jpg,http://santitan.ru/product/smesitel-na-rakovinu-bronze-de-luxe-perse-i-pure-a9055-or?variant_id=470968484,Каталог,270058286,470968484
3571,21600,Сливной кран длинный Bronze de luxe (насадка-рассекатель) (21600),"",Bronze de Luxe,5900.0,0.0,,https://static-ru.insales.ru/images/products/1/1463/487392695/6106517397.jpg https://static-ru.insales.ru/images/products/1/1464/487392696/6117549658.jpg https://static-ru.insales.ru/images/products/1/1465/487392697/6117549598.jpg,http://santitan.ru/product/slivnoy-kran-dlinnyy-bronze-de-luxe-nasadka-rassekatel-21600?variant_id=470968874,Каталог,270058421,470968874
3572,SW980,Смеситель для биде Bronze de Luxe Simple (SW980),"",Bronze de Luxe,5600.0,0.0,0,https://static-ru.insales.ru/images/products/1/1466/487392698/6117549593.jpg https://static-ru.insales.ru/images/products/1/1468/487392700/6117549596.jpg,http://santitan.ru/product/smesitel-dlya-bide-bronze-de-luxe-simple-sw980?variant_id=470968878,Каталог,270058422,470968878
3574,21601,Сливной кран длинный Bronze de luxe (насадка-рассекатель) (21601),"",Bronze de Luxe,5900.0,0.0,,https://static-ru.insales.ru/images/products/1/1471/487392703/6106517397.jpg https://static-ru.insales.ru/images/products/1/1472/487392704/6117549598.jpg https://static-ru.insales.ru/images/products/1/1473/487392705/6117549620.jpg https://static-ru.insales.ru/images/products/1/1474/487392706/6117549634.jpg https://static-ru.insales.ru/images/products/1/1476/487392708/6117549658.jpg,http://santitan.ru/product/slivnoy-kran-dlinnyy-bronze-de-luxe-nasadka-rassekatel-21601?variant_id=470968885,Каталог,270058425,470968885
3598,OR0300,Смеситель для биде Koller Pool Orion (OR0300),"",Koller Pool,5308.0,0.0,0,https://static-ru.insales.ru/images/products/1/1603/487392835/6106516098.jpg https://static-ru.insales.ru/images/products/1/1605/487392837/6117549685.jpg,http://santitan.ru/product/smesitel-dlya-bide-koller-pool-orion-or0300?variant_id=470968945,Каталог,270058453,470968945
3601,OR0500,Смеситель для кухни Koller Pool Orion (OR0500),"",Koller Pool,5982.0,0.0,0,https://static-ru.insales.ru/images/products/1/1622/487392854/6106516572.jpg https://static-ru.insales.ru/images/products/1/1626/487392858/6117549737.jpg,http://santitan.ru/product/smesitel-dlya-kuhni-koller-pool-orion-or0500?variant_id=470968953,Каталог,270058457,470968953
3602,OR0200,Смеситель для умывальника Koller Pool Orion (OR0200),"",Koller Pool,5166.0,0.0,0,https://static-ru.insales.ru/images/products/1/1631/487392863/6106516005.jpg https://static-ru.insales.ru/images/products/1/1633/487392865/6117549680.jpg,http://santitan.ru/product/smesitel-dlya-umyvalnika-koller-pool-orion-or0200?variant_id=470968958,Каталог,270058458,470968958
3605,RA0450,Смеситель для душа Koller Pool Round ARC (RA0450),"",Koller Pool,5932.0,0.0,0,https://static-ru.insales.ru/images/products/1/1640/487392872/6106516184.jpg https://static-ru.insales.ru/images/products/1/1645/487392877/6117549636.jpg,http://santitan.ru/product/smesitel-dlya-dusha-koller-pool-round-arc-ra0450?variant_id=470968978,Каталог,270058463,470968978
3633,KA0200,Смеситель для умывальника Koller Pool Kvadro ARC (KA0200),"",Koller Pool,5977.0,0.0,0,https://static-ru.insales.ru/images/products/1/1714/487392946/6106516006.jpg,http://santitan.ru/product/smesitel-dlya-umyvalnika-koller-pool-kvadro-arc-ka0200?variant_id=470969101,Каталог,270058497,470969101
3638,NC0450,Смеситель для душа Koller Pool Neon Cube (NC0450),"",Koller Pool,5842.0,0.0,0,https://static-ru.insales.ru/images/products/1/1727/487392959/6106516105.jpg https://static-ru.insales.ru/images/products/1/1728/487392960/6117549859.jpg,http://santitan.ru/product/smesitel-dlya-dusha-koller-pool-neon-cube-nc0450?variant_id=470969115,Каталог,270058502,470969115
